<?xml version="1.0" encoding="UTF-8" standalone="yes"?>
<addon id="repository.Worf" name="[COLOR green][B].Repository[/B][/COLOR][COLOR white][B]do[/B][/COLOR][COLOR red][B]Worf[/B][/COLOR]" version="0.0.1" provider-name="Worf">
	<extension point="xbmc.addon.repository" name="Worf">
        <info compressed="false">https://raw.githubusercontent.com/pancada72/repository.worf/master/addons.xml</info>
        <checksum>http://raw.githubusercontent.com/pancada72/repository.worf/master/addons.xml.md5</checksum>
        <datadir zip="true">http://raw.githubusercontent.com/pancada72/repository.worf/master/repo/</datadir>
	</extension>
		<extension point="xbmc.addon.metadata">
		<summary>O Worf</summary>
		<description>Repository do Worf</description> 
		<platform>all</platform>
  </extension>
</addon>

